Workbook

Sheet Sheet1
A1: Date | B1: Project | C1: Models | D1: Description | E1: Faction | F1: Brand | H1: Total Painted | J1: Project List
A2: 43405 | B2: Practice | C2: 8 | D2: Grots | E2: Chaos | F2: GW | H2: =SUM(C2:C1032) -> 553 | J2: Practice
A3: 43770 | B3: Practice | C3: 10 | D3: Brimstone, Blue and Pink Horrors | E3: Chaos | F3: GW | J3: Khorne Army
A4: 43435 | B4: Practice | C4: 8 | D4: Kairic Acolytes | E4: Chaos | F4: GW | H4: Current Project | J4: Slaves Army
A5: 43466 | B5: Practice | C5: 6 | D5: Tzaangors | E5: Chaos | F5: GW | H5: Belthanos | J5: Ulthwé Army
A6: 43466 | B6: 35mm Models | C6: 1 | D6: Assassin | E6: Dark Elves | F6: GW | J6: Harlequins Army
A7: 43466 | B7: Practice | C7: 6 | D7: Chaos Familliars | E7: Chaos | F7: GW | H7: Most Used Paints | J7: Lumineth Army
A8: 43497 | B8: Khorne Army | C8: 6 | D8: Bloodletters | E8: Khorne Bloodbound | F8: GW | H8: =INDEX(Paints!A:A, MATCH(LARGE(Paints!D:D, 1), Paints!D:D, 0)) -> Dark Turquoise | J8: High Elves Army
A9: 43497 | B9: High Elves Army | C9: 5 | D9: Lothern Seaguard | E9: High Elves | F9: GW | H9: {=IFERROR(INDEX(Paints!A:A, SMALL(IF(Paints!D:D=LARGE(Paints!D:D, 2), ROW(Paints!D:D), ""), 2)), INDEX(Paints!A:A, MATCH(LARGE(Paints!D:D, 3), Paints!D:D, 0)))} -> Anthracite Grey | J9: 35mm Models
A10: 43525 | B10: Khorne Army | C10: 40 | D10: Bloodreavers | E10: Khorne Bloodbound | F10: GW | H10: {=IFERROR(INDEX(Paints!A:A, SMALL(IF(Paints!D:D=LARGE(Paints!D:D, 3), ROW(Paints!D:D), ""), 3)), INDEX(Paints!A:A, MATCH(LARGE(Paints!D:D, 4), Paints!D:D, 0)))} -> Dragon Blood | J10: Tunguska Warband
A11: 43556 | B11: Khorne Army | C11: 15 | D11: Bloodwarriors | E11: Khorne Bloodbound | F11: GW | H11: {=IFERROR(INDEX(Paints!A:A, SMALL(IF(Paints!D:D=LARGE(Paints!D:D, 4), ROW(Paints!D:D), ""), 4)), INDEX(Paints!A:A, MATCH(LARGE(Paints!D:D, 5), Paints!D:D, 0)))} -> Grimy Grey | J11: Sylvaneth Army
A12: 43586 | B12: Khorne Army | C12: 5 | D12: Wrathmongers | E12: Khorne Bloodbound | F12: GW | H12: {=IFERROR(INDEX(Paints!A:A, SMALL(IF(Paints!D:D=LARGE(Paints!D:D, 5), ROW(Paints!D:D), ""), 5)), INDEX(Paints!A:A, MATCH(LARGE(Paints!D:D, 6), Paints!D:D, 0)))} -> Japanese Brown
A13: 43586 | B13: Khorne Army | C13: 1 | D13: Bloodstoker | E13: Khorne Bloodbound | F13: GW
A14: 43586 | B14: Khorne Army | C14: 1 | D14: Slaughter Priest | E14: Khorne Bloodbound | F14: GW
A15: 43586 | B15: Khorne Army | C15: 10 | D15: Flesh Hounds | E15: Khorne Bloodbound | F15: GW
A16: 43617 | B16: Khorne Army | C16: 1 | D16: Bloodsecrator | E16: Khorne Bloodbound | F16: GW
A17: 43617 | B17: Khorne Army | C17: 1 | D17: Karanak | E17: Khorne Bloodbound | F17: GW
A18: 43617 | B18: Khorne Army | C18: 1 | D18: Migthy Lord of Khorne | E18: Khorne Bloodbound | F18: GW | H18: My Must-Have Paints
A19: 43617 | B19: Khorne Army | C19: 3 | D19: Skullcrushers | E19: Khorne Bloodbound | F19: GW | H19: Bright Ivory
A20: 43647 | B20: Khorne Army | C20: 1 | D20: Khorgorath | E20: Khorne Bloodbound | F20: GW | H20: Light Flesh
A21: 43647 | B21: Ulthwé Army | C21: 22 | D21: Black Guardians | E21: Aldeari | F21: GW | H21: Laser Yellow
A22: 43678 | B22: Khorne Army | C22: 1 | D22: Khorgorath | E22: Khorne Bloodbound | F22: GW | H22: Bismuth Yellow
A23: 43678 | B23: Khorne Army | C23: 4 | D23: Judgements of Khorne | E23: Khorne Bloodbound | F23: GW | H23: Tenebrous Grey
A24: 43678 | B24: Khorne Army | C24: 1 | D24: Slaughter Priest | E24: Khorne Bloodbound | F24: GW
A25: 43678 | B25: Ulthwé Army | C25: 6 | D25: Windriders | E25: Aldeari | F25: GW
A26: 43709 | B26: Khorne Army | C26: 1 | D26: Slaughter Priest | E26: Khorne Bloodbound | F26: GW
A27: 43709 | B27: Khorne Army | C27: 1 | D27: Skullgrinder | E27: Khorne Bloodbound | F27: GW
A28: 43709 | B28: Khorne Army | C28: 1 | D28: Exalted Deathbringer | E28: Khorne Bloodbound | F28: GW
A29: 43739 | B29: Ulthwé Army | C29: 2 | D29: Wave Serpents | E29: Aldeari | F29: GW
A30: 43739 | B30: Ulthwé Army | C30: 10 | D30: Rangers | E30: Aldeari | F30: GW
A31: 43739 | B31: Ulthwé Army | C31: 6 | D31: Fire Dragons | E31: Aldeari | F31: GW
A32: 43739 | B32: Ulthwé Army | C32: 6 | D32: Howling Banshees | E32: Aldeari | F32: GW
A33: 43739 | B33: Ulthwé Army | C33: 7 | D33: Warlock Conclave | E33: Aldeari | F33: GW
A34: 43739 | B34: Ulthwé Army | C34: 2 | D34: Fire Prisms | E34: Aldeari | F34: GW
A35: 43739 | B35: 35mm Models | C35: 1 | D35: Aquiles | E35: Aleph | F35: Corvus Belli
... A82: 43983 | B82: Slaves Army | C82: 5 | D82: Chaos Warriors | E82: Slaves to Darkness | F82: GW
A83: 44013 | C83: 0
A84: 44044 | B84: Practice | C84: 1 | D84: Katakros Mortach of the Necropolis | E84: Ossiarch Boneripers | F84: GW
A85: 44044 | B85: Practice | C85: 2 | D85: Ephrael Stern and Kyganil | E85: Adepta Sororitas | F85: GW
A86: 44044 | B86: Practice | C86: 3 | D86: Marneus Calgar | E86: Ultramarines | F86: GW
A87: 44044 | B87: Practice | C87: 1 | D87: Primaris Apothecary | E87: Ultramarines | F87: GW
A88: 44044 | B88: Practice | C88: 1 | D88: Terminator Apothecary | E88: Ultramarines | F88: GW
A89: 44044 | B89: Practice | C89: 1 | D89: Primaris Captain | E89: Ultramarines | F89: GW
A90: 44044 | B90: Practice | C90: 1 | D90: Primaris Librarian | E90: Ultramarines | F90: GW
A91: 44075 | B91: Practice | C91: 3 | D91: Serberys Raiders | E91: Adeptus Mechanicus | F91: GW
A92: 44075 | B92: Practice | C92: 3 | D92: Serberys Sulphurhounds | E92: Adeptus Mechanicus | F92: GW
A93: 44075 | B93: Practice | C93: 1 | D93: Skorpius Desintegrator | E93: Adeptus Mechanicus | F93: GW
A94: 44075 | B94: Practice | C94: 1 | D94: Skorpius Dunerider | E94: Adeptus Mechanicus | F94: GW
A95: 44075 | B95: Practice | C95: 1 | D95: Archaeopter Fusilave | E95: Adeptus Mechanicus | F95: GW
... A102: 44075 | B102: Practice | C102: 1 | D102: Lord Inquisitor Kyria Draxus | E102: Imperium | F102: GW
A103: 44105 | C103: 0
A104: 44136 | C104: 0
A105: 44166 | C105: 0
A106: 44197 | C106: 0
A107: 44228 | C107: 0
A108: 44256 | B108: High Elves Army | C108: 1 | D108: Gryevh Leonhart, Chrace Hero | E108: High Elves | F108: GW
A109: 44287 | B109: Ulthwé Army | C109: 1 | D109: Soulfinder (Illic Conversion | E109: Aldeari | F109: GW
A110: 44287 | B110: Khorne Army | C110: 5 | D110: Wrathmongers | E110: Khorne Bloodbound | F110: GW
A111: 44287 | B111: Khorne Army | C111: 10 | D111: Skullreapers | E111: Khorne Bloodbound | F111: GW
A112: 44317 | B112: Slaves Army | C112: 5 | D112: Chaos Warriors | E112: Slaves to Darkness | F112: GW
A113: 44317 | B113: 35mm Models | C113: 1 | D113: Neave Blacktalon | E113: Stormcasts Eternals | F113: GW
A114: 44317 | B114: Tunguska Warband | C114: 1 | D114: Spektr | E114: Nomads | F114: Corvus Belli
A115: 44348 | C115: 0
A116: 44378 | C116: 0
A117: 44409 | B117: Tunguska Warband | C117: 1 | D117: Grenzer | E117: Nomads | F117: Corvus Belli
A118: 44409 | B118: Tunguska Warband | C118: 1 | D118: Hollow Man | E118: Nomads | F118: Corvus Belli
A119: 44409 | B119: Tunguska Warband | C119: 4 | D119: Securitate | E119: Nomads | F119: Corvus Belli
A120: 44409 | B120: Tunguska Warband | C120: 1 | D120: Heckler | E120: Nomads | F120: Corvus Belli
A121: 44409 | B121: Tunguska Warband | C121: 2 | D121: Kriza Borac | E121: Nomads | F121: Corvus Belli
A122: 44409 | B122: Slaves Army | C122: 1 | D122: Chaos Sorcerer Lord | E122: Slaves to Darkness | F122: GW
A123: 44440 | B123: Slaves Army | C123: 1 | D123: Chaos Knight | E123: Slaves to Darkness | F123: GW
A124: 44470 | C124: 0
A125: 44501 | B125: Lumineth Army | C125: 10 | D125: Vanari Auralan Wardens | E125: Lumineth Realm-Lords | F125: GW
A126: 44531 | B126: 35mm Models | C126: 1 | D126: Lady of the Lake | E126: Echoes of Camelot | F126: Big Child
A127: 44531 | B127: 35mm Models | C127: 1 | D127: Merlin | E127: Echoes of Camelot | F127: Big Child
A128: 44531 | B128: 35mm Models | C128: 1 | D128: Morgana le Fay | E128: Echoes of Camelot | F128: Big Child
A129: 44531 | B129: Ulthwé Army | C129: 1 | D129: Farseer Skyrunner | E129: Aldeari | F129: GW
A130: 44562 | B130: Harlequins Army | C130: 4 | D130: Troupe Player | E130: Aldeari | F130: GW
A131: 44593 | B131: Harlequins Army | C131: 2 | D131: Troupe Player | E131: Aldeari | F131: GW
A132: 44593 | B132: Harlequins Army | C132: 1 | D132: Troupe Master | E132: Aldeari | F132: GW
A133: 44621 | B133: Harlequins Army | C133: 1 | D133: Shadowseer | E133: Aldeari | F133: GW
A134: 44621 | B134: Harlequins Army | C134: 1 | D134: Death Jester | E134: Aldeari | F134: GW
A135: 44621 | B135: Ulthwé Army | C135: 2 | D135: Black Guardians | E135: Aldeari | F135: GW
A136: 44652 | B136: Ulthwé Army | C136: 2 | D136: Black Guardians | E136: Aldeari | F136: GW
... A146: 44866 | B146: Ulthwé Army | C146: 2 | D146: Black Guardians | E146: Aldeari | F146: GW
A147: 44896 | C147: 0
A148: 44927 | B148: Ulthwé Army | C148: 1 | D148: Ynnari Storm Guardians | E148: Aldeari | F148: GW
A149: 44927 | B149: Ulthwé Army | C149: 4 | D149: Ynnari Storm Guardians | E149: Aldeari | F149: GW
A150: 44958 | B150: Ulthwé Army | C150: 5 | D150: Ynnari Storm Guardians | E150: Aldeari | F150: GW
A151: 44986 | B151: Ulthwé Army | C151: 1 | D151: Winged Autarch | E151: Aldeari | F151: GW
A152: 44986 | B152: High Elves Army | C152: 1 | D152: Nagarythe Princess | E152: High Elves | F152: Last Sword
A153: 45017 | C153: 0
A154: 45047 | C154: 0
A155: 45078 | C155: 0
A156: 45108 | C156: 0
A157: 45139 | C157: 0
A158: 45170 | B158: Lumineth Army | C158: 1 | D158: Vanary Bladelord | E158: Lumineth Realm-Lords | F158: GW
A159: 45200 | C159: 0
A160: 45231 | C160: 0
A161: 45261 | B161: Sylvaneth Army | C161: 3 | D161: Kurnoth Hunters | E161: Sylvaneth | F161: GW
...

Sheet Paints
A1: Paint | B1: Brand | C1: Series | D1: Total Used | E1: Ulthwé | F1: Details U | G1: Ynnari | H1: Details Y | I1: Harlequins | J1: Details H | K1: Sylvaneth | L1: Details S | M1: Lumineth | N1: Details L | O1: High Elves | P1: Details H2
A2: Afro Shadow | B2: AK | C2: Color Punch | D2: =SUM(E2,G2,I2,K2,M2,O2) -> 3 | E2: 1 | F2: NMM Shadow | G2: 1 | H2: NMM Gold | K2: 1 | L2: Whole Wood
A3: Anthracite Grey | B3: AK | C3: 3rd Gen | D3: =SUM(E3,G3,I3,K3,M3,O3) -> 3 | K3: 1 | L3: Dragonfly | M3: 1 | N3: Up NMM | O3: 1 | P3: Gems
A4: Aquatic Turquoise | B4: AK | C4: 3rd Gen | D4: =SUM(E4,G4,I4,K4,M4,O4) -> 2 | G4: 1 | H4: Gems | K4: 1 | L4: Leaves
A5: Black Red | B5: AK | C5: 3rd Gen | D5: =SUM(E5,G5,I5,K5,M5,O5) -> 2 | K5: 1 | L5: Green NMM | O5: 1 | P5: Lizard Whole
A6: British Khaki | B6: AK | C6: 3rd Gen | D6: =SUM(E6,G6,I6,K6,M6,O6) -> 2 | E6: 1 | F6: Gold | G6: 1 | H6: NMM Gold
A7: Deep Purple | B7: AK | C7: 3rd Gen | D7: =SUM(E7,G7,I7,K7,M7,O7) -> 0
A8: Deep Violet | B8: AK | C8: 3rd Gen | D8: =SUM(E8,G8,I8,K8,M8,O8) -> 0
A9: Dragon Blood | B9: AK | C9: Color Punch | D9: =SUM(E9,G9,I9,K9,M9,O9) -> 3 | E9: 1 | F9: Reds | G9: 1 | H9: Armour | K9: 1 | L9: Leaves
A10: French Blue | B10: AK | C10: 3rd Gen | D10: =SUM(E10,G10,I10,K10,M10,O10) -> 1 | G10: 1 | H10: NMM Silver
A11: Golden Olive | B11: AK | C11: 3rd Gen | D11: =SUM(E11,G11,I11,K11,M11,O11) -> 1 | K11: 1 | L11: Green NMM
A12: Golden Yellow | B12: AK | C12: 3rd Gen | D12: =SUM(E12,G12,I12,K12,M12,O12) -> 1 | O12: 1 | P12: Gold NMM
A13: Graphite | B13: AK | C13: 3rd Gen | D13: =SUM(E13,G13,I13,K13,M13,O13) -> 1 | E13: 1 | F13: Up clothes
A14: Grimy Grey | B14: AK | C14: 3rd Gen | D14: =SUM(E14,G14,I14,K14,M14,O14) -> 3 | E14: 1 | F14: Bone | I14: 1 | J14: Bone | K14: 1 | L14: Wood
A15: Hull Red | B15: AK | C15: 3rd Gen | D15: =SUM(E15,G15,I15,K15,M15,O15) -> 0
A16: Japanese Brown | B16: AK | C16: 3rd Gen | D16: =SUM(E16,G16,I16,K16,M16,O16) -> 3 | E16: 1 | F16: Gold | G16: 1 | H16: NMM Gold | O16: 1 | P16: Gold NMM
A17: Laser Yellow | B17: AK | C17: 3rd Gen | D17: =SUM(E17,G17,I17,K17,M17,O17) -> 0 | E17: 0 | F17: Must | G17: 0 | H17: Must | I17: 0 | J17: Must | K17: 0 | L17: Must | M17: 0 | N17: Must | O17: 0 | P17: Must
A18: Light Flesh | B18: AK | C18: 3rd Gen | D18: =SUM(E18,G18,I18,K18,M18,O18) -> 0 | E18: 0 | F18: Must | G18: 0 | H18: Must | I18: 0 | J18: Must | K18: 0 | L18: Must | M18: 0 | N18: Must | O18: 0 | P18: Must
A19: Lilac | B19: AK | C19: 3rd Gen | D19: =SUM(E19,G19,I19,K19,M19,O19) -> 2 | K19: 1 | L19: Dragonfly | M19: 1 | N19: Up NMM
A20: Luminous Flesh | B20: AK | C20: 3rd Gen | D20: =SUM(E20,G20,I20,K20,M20,O20) -> 2 | M20: 1 | N20: Skin | O20: 1 | P20: Skin
A21: Luminous Green | B21: AK | C21: 3rd Gen | D21: =SUM(E21,G21,I21,K21,M21,O21) -> 0
A22: Luminous Orange | B22: AK | C22: 3rd Gen | D22: =SUM(E22,G22,I22,K22,M22,O22) -> 1 | K22: 1 | L22: Energy
A23: Pistachio | B23: AK | C23: 3rd Gen | D23: =SUM(E23,G23,I23,K23,M23,O23) -> 0
A24: Purple | B24: AK | C24: 3rd Gen | D24: =SUM(E24,G24,I24,K24,M24,O24) -> 0
A25: Purulent Yellow | B25: AK | C25: 3rd Gen | D25: =SUM(E25,G25,I25,K25,M25,O25) -> 0
A26: Reddish Grey | B26: AK | C26: 3rd Gen | D26: =SUM(E26,G26,I26,K26,M26,O26) -> 2 | M26: 1 | N26: Clothes | O26: 1 | P26: Clothes
A27: Sahara Yellow | B27: AK | C27: 3rd Gen | D27: =SUM(E27,G27,I27,K27,M27,O27) -> 1 | O27: 1 | P27: Gold NMM
A28: Sand Yellow | B28: AK | C28: 3rd Gen | D28: =SUM(E28,G28,I28,K28,M28,O28) -> 1 | M28: 1 | N28: Up NMM
A29: Silver Grey | B29: AK | C29: 3rd Gen | D29: =SUM(E29,G29,I29,K29,M29,O29) -> 2 | E29: 1 | F29: Up Tenebrous | K29: 1 | L29: White NMMM
A30: Tenebrous Grey | B30: AK | C30: 3rd Gen | D30: =SUM(E30,G30,I30,K30,M30,O30) -> 0 | E30: 0 | F30: Must | G30: 0 | H30: Must | I30: 0 | J30: Must | K30: 0 | L30: Must | M30: 0 | N30: Must | O30: 0 | P30: Must
A31: Violed Red | B31: AK | C31: 3rd Gen | D31: =SUM(E31,G31,I31,K31,M31,O31) -> 2 | G31: 1 | H31: Up Dragon Blood | K31: 1 | L31: Skin
A32: Volcanic Yellow | B32: AK | C32: 3rd Gen | D32: =SUM(E32,G32,I32,K32,M32,O32) -> 1 | K32: 1 | L32: Energy
A33: Wine Red | B33: AK | C33: 3rd Gen | D33: =SUM(E33,G33,I33,K33,M33,O33) -> 3 | E33: 1 | F33: Reds | K33: 1 | L33: Leaves (up Yellow) | M33: 1 | N33: Reds
A34: Basilisk Red | B34: Army Painter | C34: Warpaints | D34: =SUM(E34,G34,I34,K34,M34,O34) -> 3 | E34: 1 | F34: Reds | G34: 1 | H34: Reds | K34: 1 | L34: Details
A35: Blood Chalice | B35: Army Painter | C35: Warpaints | D35: =SUM(E35,G35,I35,K35,M35,O35) -> 0
A36: Carnelian Skin | B36: Army Painter | C36: Warpaints | D36: =SUM(E36,G36,I36,K36,M36,O36) -> 0
A37: Doomfire Drab | B37: Army Painter | C37: Warpaints | D37: =SUM(E37,G37,I37,K37,M37,O37) -> 1 | K37: 1 | L37: Lights
A38: Dragon Red | B38: Army Painter | C38: Warpaints | D38: =SUM(E38,G38,I38,K38,M38,O38) -> 0
A39: Elder Flower | B39: Army Painter | C39: Warpaints | D39: =SUM(E39,G39,I39,K39,M39,O39) -> 0
A40: Figgy Pink | B40: Army Painter | C40: Warpaints | D40: =SUM(E40,G40,I40,K40,M40,O40) -> 0
A41: Forbidden Fruit | B41: Army Painter | C41: Warpaints | D41: =SUM(E41,G41,I41,K41,M41,O41) -> 0
A42: Hexed Violet | B42: Army Painter | C42: Warpaints | D42: =SUM(E42,G42,I42,K42,M42,O42) -> 1 | K42: 1 | L42: Up
A43: Jasper Skin | B43: Army Painter | C43: Warpaints | D43: =SUM(E43,G43,I43,K43,M43,O43) -> 0
A44: Kraken Lavender | B44: Army Painter | C44: Warpaints | D44: =SUM(E44,G44,I44,K44,M44,O44) -> 0 | E44: 0 | F44: Must | G44: 0 | H44: Must | I44: 0 | J44: Must | K44: 0 | L44: Must | M44: 0 | N44: Must | O44: 0 | P44: Must
A45: Leopard Stone Skin | B45: Army Painter | C45: Warpaints | D45: =SUM(E45,G45,I45,K45,M45,O45) -> 0
A46: Mocca Skin | B46: Army Painter | C46: Warpaints | D46: =SUM(E46,G46,I46,K46,M46,O46) -> 2 | E46: 1 | F46: Bone | K46: 1 | L46: White Wood
A47: Moldy Wine | B47: Army Painter | C47: Warpaints | D47: =SUM(E47,G47,I47,K47,M47,O47) -> 0
A48: Mulled Berry | B48: Army Painter | C48: Warpaints | D48: =SUM(E48,G48,I48,K48,M48,O48) -> 0
A49: Onyx Skin | B49: Army Painter | C49: Warpaints | D49: =SUM(E49,G49,I49,K49,M49,O49) -> 1 | E49: 1 | F49: Bone
A50: Pure Red | B50: Army Painter | C50: Warpaints | D50: =SUM(E50,G50,I50,K50,M50,O50) -> 0
A51: Raging Rose | B51: Army Painter | C51: Warpaints | D51: =SUM(E51,G51,I51,K51,M51,O51) -> 0
A52: Tiger’s Eye Skin | B52: Army Painter | C52: Warpaints | D52: =SUM(E52,G52,I52,K52,M52,O52) -> 0
A53: Topaz Skin | B53: Army Painter | C53: Warpaints | D53: =SUM(E53,G53,I53,K53,M53,O53) -> 0
A54: Tourmaline Skin | B54: Army Painter | C54: Warpaints | D54: =SUM(E54,G54,I54,K54,M54,O54) -> 0
A55: Weird Elixir | B55: Army Painter | C55: Warpaints | D55: =SUM(E55,G55,I55,K55,M55,O55) -> 1 | K55: 1 | L55: Lights
A56: Wilted Rose | B56: Army Painter | C56: Warpaints | D56: =SUM(E56,G56,I56,K56,M56,O56) -> 0
A57: Wyvern Fury | B57: Army Painter | C57: Warpaints | D57: =SUM(E57,G57,I57,K57,M57,O57) -> 0
A58: Abaddon Black | B58: Citadel | C58: Base | D58: =SUM(E58,G58,I58,K58,M58,O58) -> 0
A59: Administratum Grey | B59: Citadel | C59: Layer | D59: =SUM(E59,G59,I59,K59,M59,O59) -> 0
A60: Aethermatic Blue | B60: Citadel | C60: Contrast | D60: =SUM(E60,G60,I60,K60,M60,O60) -> 2 | G60: 1 | H60: Gems | O60: 1 | P60: Gems
A61: Agrax Earthshade | B61: Citadel | C61: Shade | D61: =SUM(E61,G61,I61,K61,M61,O61) -> 0
A62: Aldeari Emerald | B62: Citadel | C62: Contrast | D62: =SUM(E62,G62,I62,K62,M62,O62) -> 1 | G62: 1 | H62: Gems
A63: Apothecary White | B63: Citadel | C63: Contrast | D63: =SUM(E63,G63,I63,K63,M63,O63) -> 0
A64: Averland Sunset | B64: Citadel | C64: Base | D64: =SUM(E64,G64,I64,K64,M64,O64) -> 0
A65: Baharroth Blue | B65: Citadel | C65: Layer | D65: =SUM(E65,G65,I65,K65,M65,O65) -> 0
A66: Balor Brown | B66: Citadel | C66: Layer | D66: =SUM(E66,G66,I66,K66,M66,O66) -> 0
A67: Barak-Nar Burgundy | B67: Citadel | C67: Base | D67: =SUM(E67,G67,I67,K67,M67,O67) -> 1 | H67: 0 | O67: 1 | P67: Lizard Skin
A68: Black Templar | B68: Citadel | C68: Contrast | D68: =SUM(E68,G68,I68,K68,M68,O68) -> 2 | E68: 1 | F68: Shadow Tenebrous | M68: 1
A69: Bugman's Glow | B69: Citadel | C69: Base | D69: =SUM(E69,G69,I69,K69,M69,O69) -> 1 | M69: 1 | N69: Skin
A70: Carroburg Crimson | B70: Citadel | C70: Shade | D70: =SUM(E70,G70,I70,K70,M70,O70) -> 1 | O70: 1 | P70: Reds
A71: Celestra Grey | B71: Citadel | C71: Base | D71: =SUM(E71,G71,I71,K71,M71,O71) -> 0
A72: Corax White | B72: Citadel | C72: Base | D72: =SUM(E72,G72,I72,K72,M72,O72) -> 0
A73: Corvus Black | B73: Citadel | C73: Contrast | D73: =SUM(E73,G73,I73,K73,M73,O73) -> 2 | K73: 1 | L73: Dragonfly | M73: 1
A74: Cygor Brown | B74: Citadel | C74: Contrast | D74: =SUM(E74,G74,I74,K74,M74,O74) -> 2 | K74: 1 | L74: Leather Shadow | O74: 1 | P74: Leather
A75: Daemonette Hide | B75: Citadel | C75: Base | D75: =SUM(E75,G75,I75,K75,M75,O75) -> 2 | E75: 1 | F75: Up Tenebrous | K75: 1 | L75: Hair
A76: Dark Reaper | B76: Citadel | C76: Layer | D76: =SUM(E76,G76,I76,K76,M76,O76) -> 0
A77: Dawnstone | B77: Citadel | C77: Layer | D77: =SUM(E77,G77,I77,K77,M77,O77) -> 0
A78: Dorn Yellow | B78: Citadel | C78: Layer | D78: =SUM(E78,G78,I78,K78,M78,O78) -> 1 | K78: 1 | L78: Energy
A79: Drakenhof Nightshade | B79: Citadel | C79: Shade | D79: =SUM(E79,G79,I79,K79,M79,O79) -> 0
A80: Druchii Violet | B80: Citadel | C80: Shade | D80: =SUM(E80,G80,I80,K80,M80,O80) -> 0
A81: Emperor's Children | B81: Citadel | C81: Layer | D81: =SUM(E81,G81,I81,K81,M81,O81) -> 0
A82: Evil Sunz Scarlet | B82: Citadel | C82: Layer | D82: =SUM(E82,G82,I82,K82,M82,O82) -> 0
A83: Fenrisian Grey | B83: Citadel | C83: Layer | D83: =SUM(E83,G83,I83,K83,M83,O83) -> 0
A84: Fire Dragon Bright | B84: Citadel | C84: Layer | D84: =SUM(E84,G84,I84,K84,M84,O84) -> 0
A85: Flash Gitz Yellow | B85: Citadel | C85: Layer | D85: =SUM(E85,G85,I85,K85,M85,O85) -> 0
A86: Gal Vorbak Red | B86: Citadel | C86: Base | D86: =SUM(E86,G86,I86,K86,M86,O86) -> 0
A87: Gore-Grunta Fur | B87: Citadel | C87: Contrast | D87: =SUM(E87,G87,I87,K87,M87,O87) -> 1 | M87: 1
A88: Grey Seer | B88: Citadel | C88: Base | D88: =SUM(E88,G88,I88,K88,M88,O88) -> 1 | M88: 1 | N88: Clothes
A89: Gryph-Charger Grey | B89: Citadel | C89: Contrast | D89: =SUM(E89,G89,I89,K89,M89,O89) -> 0
A90: Gryph-Hound Orange | B90: Citadel | C90: Contrast | D90: =SUM(E90,G90,I90,K90,M90,O90) -> 0
A91: Incubi Darkness | B91: Citadel | C91: Base | D91: =SUM(E91,G91,I91,K91,M91,O91) -> 0
A92: Iyanden Yellow | B92: Citadel | C92: Contrast | D92: =SUM(E92,G92,I92,K92,M92,O92) -> 0
A93: Jokaero Orange | B93: Citadel | C93: Base | D93: =SUM(E93,G93,I93,K93,M93,O93) -> 1 | M93: 1 | N93: NMM Gold
A94: Kabalite Green | B94: Citadel | C94: Layer | D94: =SUM(E94,G94,I94,K94,M94,O94) -> 0
A95: Kakophoni Purple | B95: Citadel | C95: Layer | D95: =SUM(E95,G95,I95,K95,M95,O95) -> 0
A96: Khorne Red | B96: Citadel | C96: Base | D96: =SUM(E96,G96,I96,K96,M96,O96) -> 0
A97: Macragge Blue | B97: Citadel | C97: Base | D97: =SUM(E97,G97,I97,K97,M97,O97) -> 0
A98: Mephiston Red | B98: Citadel | C98: Base | D98: =SUM(E98,G98,I98,K98,M98,O98) -> 0
A99: Moot Green | B99: Citadel | C99: Layer | D99: =SUM(E99,G99,I99,K99,M99,O99) -> 0
A100: Morghast Bone | B100: Citadel | C100: Base | D100: =SUM(E100,G100,I100,K100,M100,O100) -> 0
...
